external_id,deal_name,account_name,owner,service_line,market_segment,stage,forecast_category,stage_probability_pct,deal_entry_date,expected_close_date,closed_date,timeline,term_years,mw,capacity_basis,site_count,sqft,price_per_sqft,scan_frequency,flags_json,raw_revenue_tcv,annual_revenue_acv,weighted_revenue,low_estimate,selected_estimate,high_estimate,source_file,review_notes
REN-0001,System BESS Portfolio in AZ,BESS,Megan Smethurst,Renewables,BESS,CLOSED_WON,CLOSED,100,2024-01-01,2024-01-01,2024-01-01,,,,,2,,,,{},,,,,,,NAES_CRM_Opportunities_Import.csv,
REN-0002,Walmart decommissions,Walmart,Megan Smethurst,Renewables,Renewables,CLOSED_WON,CLOSED,100,2022-02-15,2022-02-15,2022-02-15,,,,,8,,,,{},,,,,,,NAES_CRM_Opportunities_Import.csv,
REN-0003,MWDC Mammoth Portfolio (OM),,Megan Smethurst,Renewables,Distributed Generation / C&I Solar,CLOSED_WON,CLOSED,100,2022-07-01,2022-07-01,2022-07-01,,,10.2,MWDC,,,,,{},244800,244800,244800,214200,244800,275400,NAES_CRM_Opportunities_Import.csv,account name needs review; account inferred from opportunity name
REN-0004,Site Portfolio,,Megan Smethurst,Renewables,Distributed Generation / C&I Solar,CLOSED_WON,CLOSED,100,2023-01-02,2023-01-02,2023-01-02,,,,,11,,,,{},,,,,,,NAES_CRM_Opportunities_Import.csv,account name needs review; account inferred from opportunity name
REN-0005,"mW / 7 canopies in Oro Valley, AZ (OM)",,Megan Smethurst,Renewables,Distributed Generation / C&I Solar,CLOSED_WON,CLOSED,100,2022-09-01,2022-09-01,2022-09-01,,,1,MWDC,7,,,,{},24000,24000,24000,21000,24000,27000,NAES_CRM_Opportunities_Import.csv,account name needs review; account inferred from opportunity name
REN-0006,"kWDC rooftop site in Palo Alto, CA","kWDC rooftop site in Palo Alto, CA",Megan Smethurst,Renewables,Distributed Generation / C&I Solar,CLOSED_WON,CLOSED,100,2022-05-01,2022-05-01,2022-05-01,,,0.276,MWDC,,,,,{},6624,6624,6624,5796,6624,7452,NAES_CRM_Opportunities_Import.csv,account inferred from opportunity name
REN-0007,BESS Projects in Mass.,BESS,Megan Smethurst,Renewables,BESS,CLOSED_WON,CLOSED,100,2023-03-01,2023-03-01,2023-03-01,,,,,3,,,,{},,,,,,,NAES_CRM_Opportunities_Import.csv,
REN-0008,x BESS Projects in CA,BESS,Megan Smethurst,Renewables,BESS,CLOSED_WON,CLOSED,100,2023-06-01,2023-06-01,2023-06-01,,,,,3,,,,{},,,,,,,NAES_CRM_Opportunities_Import.csv,
REN-0009,mW portfolio in NY -- OM services,Wind Energy Services Company,Megan Smethurst,Renewables,Distributed Generation / C&I Solar,CLOSED_WON,CLOSED,100,2023-01-01,2023-01-01,2023-01-01,,,50,MWDC,,,,,{},1200000,1200000,1200000,1050000,1200000,1350000,NAES_CRM_Opportunities_Import.csv,
REN-0010,"mW OM services - Oahu, HI",Wind Energy Services Company,Megan Smethurst,Renewables,Distributed Generation / C&I Solar,CLOSED_WON,CLOSED,100,2024-01-01,2024-01-01,2024-01-01,,,5,MWDC,,,,,{},120000,120000,120000,105000,120000,135000,NAES_CRM_Opportunities_Import.csv,
REN-0011,Site Portfolio; WHC,,Megan Smethurst,Renewables,Distributed Generation / C&I Solar,CLOSED_WON,CLOSED,100,2021-02-01,2021-02-01,2021-02-01,,,,,6,,,,{},,,,,,,NAES_CRM_Opportunities_Import.csv,account name needs review; account inferred from opportunity name
REN-0012,Portfolios,Portfolios,Megan Smethurst,Renewables,Renewables,CLOSED_WON,CLOSED,100,2021-10-01,2021-10-01,2021-10-01,,,,,7,,,,{},,,,,,,NAES_CRM_Opportunities_Import.csv,account inferred from opportunity name
REN-0013,"AM for 25 MWDC portfolio in IL, NY, CO",,Megan Smethurst,Renewables,Distributed Generation / C&I Solar,CLOSED_WON,CLOSED,100,2023-06-01,2023-06-01,2023-06-01,,,25,MWDC,,,,,{},600000,600000,600000,525000,600000,675000,NAES_CRM_Opportunities_Import.csv,account name needs review; account inferred from opportunity name
REN-0014,Bat Cave 100 MW Storage in TX,,Megan Smethurst,Renewables,BESS,CLOSED_WON,CLOSED,100,2022-06-01,2022-06-01,2022-06-01,,,100,MWDC,,,,,{},2400000,2400000,2400000,2100000,2400000,2700000,NAES_CRM_Opportunities_Import.csv,account name needs review; account inferred from opportunity name
REN-0015,Blackbear Solar 131 MW,,Megan Smethurst,Renewables,Utility-Scale Solar,CLOSED_WON,CLOSED,100,2022-09-01,2022-09-01,2022-09-01,,,131,MWDC,,,,,{},3144000,3144000,3144000,2751000,3144000,3537000,NAES_CRM_Opportunities_Import.csv,account name needs review; account inferred from opportunity name
REN-0016,Brookfileld/Luminace O&M for 3.721MWDC AZ portfolio,Luminace,Megan Smethurst,Renewables,Renewables,CLOSED_WON,CLOSED,100,2022-09-02,2022-09-02,2022-09-02,,,3.721,MWDC,,,,,{},89304,89304,89304,78141,89304,100467,NAES_CRM_Opportunities_Import.csv,
REN-0017,CA / NV - 37MW (OM),,Megan Smethurst,Renewables,Distributed Generation / C&I Solar,CLOSED_WON,CLOSED,100,2023-01-01,2023-01-01,2023-01-01,,,37,MWDC,,,,,{},888000,888000,888000,777000,888000,999000,NAES_CRM_Opportunities_Import.csv,account name needs review; account inferred from opportunity name
REN-0018,CA portfolio #1 - 3.7MW,,Megan Smethurst,Renewables,Distributed Generation / C&I Solar,CLOSED_WON,CLOSED,100,2024-10-01,2024-10-01,2024-10-01,,,3.7,MWDC,,,,,{},88800,88800,88800,77700,88800,99900,NAES_CRM_Opportunities_Import.csv,account name needs review; account inferred from opportunity name
REN-0019,"CT, MA, & VT (8) sites 27.304MW",,Megan Smethurst,Renewables,Distributed Generation / C&I Solar,CLOSED_WON,CLOSED,100,2023-12-01,2023-12-01,2023-12-01,,,27.304,MWDC,,,,,{},655296,655296,655296,573384,655296,737208,NAES_CRM_Opportunities_Import.csv,account name needs review; account inferred from opportunity name
REN-0020,Canadian Solar 100 MW CALD Energy Storage Project,Canadian Solar,Megan Smethurst,Renewables,BESS,CLOSED_WON,CLOSED,100,2023-08-01,2023-08-01,2023-08-01,,,100,MWDC,,,,,{},2400000,2400000,2400000,2100000,2400000,2700000,NAES_CRM_Opportunities_Import.csv,
REN-0021,Cardinal 45 MW Solar Portfolio,,Megan Smethurst,Renewables,Distributed Generation / C&I Solar,CLOSED_WON,CLOSED,100,2022-03-01,2022-03-01,2022-03-01,,,45,MWDC,,,,,{},1080000,1080000,1080000,945000,1080000,1215000,NAES_CRM_Opportunities_Import.csv,account name needs review; account inferred from opportunity name
REN-0022,Hyperion 120 MW Portfolio,,Megan Smethurst,Renewables,Distributed Generation / C&I Solar,CLOSED_WON,CLOSED,100,2021-09-01,2021-09-01,2021-09-01,,,120,MWDC,,,,,{},2880000,2880000,2880000,2520000,2880000,3240000,NAES_CRM_Opportunities_Import.csv,account name needs review; account inferred from opportunity name
REN-0023,IGS - 68 MW RT Portfolio,,Megan Smethurst,Renewables,Distributed Generation / C&I Solar,CLOSED_WON,CLOSED,100,2022-04-01,2022-04-01,2022-04-01,,,68,MWDC,,,,,{},1632000,1632000,1632000,1428000,1632000,1836000,NAES_CRM_Opportunities_Import.csv,account name needs review; account inferred from opportunity name
REN-0024,IN & MN (6) sites 9.9MW,,Megan Smethurst,Renewables,Distributed Generation / C&I Solar,CLOSED_WON,CLOSED,100,2023-12-01,2023-12-01,2023-12-01,,,9.9,MWDC,,,,,{},237600,237600,237600,207900,237600,267300,NAES_CRM_Opportunities_Import.csv,account name needs review; account inferred from opportunity name
REN-0025,LA 2021 Portfolio,LA 2021 Portfolio,Megan Smethurst,Renewables,Renewables,CLOSED_WON,CLOSED,100,2021-05-01,2021-05-01,2021-05-01,,,,,2021,,,,{},,,,,,,NAES_CRM_Opportunities_Import.csv,account inferred from opportunity name
REN-0026,"Luminace -- Irvine, CA (3 sites) Corrective Maintenance",Luminace,Megan Smethurst,Renewables,Renewables,CLOSED_WON,CLOSED,100,2022-05-27,2022-05-27,2022-05-27,,,,,3,,,,{},,,,,,,NAES_CRM_Opportunities_Import.csv,
REN-0027,MD / NJ 17.6MW (OM),,Megan Smethurst,Renewables,Distributed Generation / C&I Solar,CLOSED_WON,CLOSED,100,2023-06-01,2023-06-01,2023-06-01,,,17.6,MWDC,,,,,{},422400,422400,422400,369600,422400,475200,NAES_CRM_Opportunities_Import.csv,account name needs review; account inferred from opportunity name
REN-0028,Module retorqueing - 12 sites in AZ - Priority (OM),Module retorqueing - 12 sites in AZ - Priority (Om),Megan Smethurst,Renewables,Renewables,CLOSED_WON,CLOSED,100,2022-04-15,2022-04-15,2022-04-15,,,,,12,,,,{},,,,,,,NAES_CRM_Opportunities_Import.csv,account inferred from opportunity name
REN-0029,Newington - 756 kWDC PV and 250 kWAC ESS in CT (OM),,Megan Smethurst,Renewables,Distributed Generation / C&I Solar,CLOSED_WON,CLOSED,100,2024-01-01,2024-01-01,2024-01-01,,,0.756,MWDC,,,,,{},18144,18144,18144,15876,18144,20412,NAES_CRM_Opportunities_Import.csv,account name needs review; account inferred from opportunity name
REN-0030,O&M 22.4 MW MD and VA portfolio,"First Wind O&M, Llc",Megan Smethurst,Renewables,Distributed Generation / C&I Solar,CLOSED_WON,CLOSED,100,2025-02-01,2025-02-01,2025-02-01,,,22.4,MWDC,,,,,{},537600,537600,537600,470400,537600,604800,NAES_CRM_Opportunities_Import.csv,
REN-0031,O&M 71MW portfolio,"First Wind O&M, Llc",Megan Smethurst,Renewables,Distributed Generation / C&I Solar,CLOSED_WON,CLOSED,100,2024-04-01,2024-04-01,2024-04-01,,,71,MWDC,,,,,{},1704000,1704000,1704000,1491000,1704000,1917000,NAES_CRM_Opportunities_Import.csv,
REN-0032,"O&M for 24 MWDC portfolio in NY, IL, & CO","First Wind O&M, Llc",Megan Smethurst,Renewables,Distributed Generation / C&I Solar,CLOSED_WON,CLOSED,100,2023-06-01,2023-06-01,2023-06-01,,,24,MWDC,,,,,{},576000,576000,576000,504000,576000,648000,NAES_CRM_Opportunities_Import.csv,
REN-0033,O&M for 26MWDC Westland Almonds - Good,"First Wind O&M, Llc",Megan Smethurst,Renewables,Distributed Generation / C&I Solar,CLOSED_WON,CLOSED,100,2023-09-01,2023-09-01,2023-09-01,,,26,MWDC,,,,,{},624000,624000,624000,546000,624000,702000,NAES_CRM_Opportunities_Import.csv,
REN-0034,O&M for 26MWDC Westland Almonds site,"First Wind O&M, Llc",Megan Smethurst,Renewables,Renewables,CLOSED_WON,CLOSED,100,2023-06-01,2023-06-01,2023-06-01,,,26,MWDC,,,,,{},624000,624000,624000,546000,624000,702000,NAES_CRM_Opportunities_Import.csv,
REN-0035,O&M for PMCTA 310kWDC,"First Wind O&M, Llc",Megan Smethurst,Renewables,Renewables,CLOSED_WON,CLOSED,100,2023-04-01,2023-04-01,2023-04-01,,,0.31,MWDC,,,,,{},7440,7440,7440,6510,7440,8370,NAES_CRM_Opportunities_Import.csv,
REN-0036,O&M for REA portfolio-14 sites 21220 kwdc,"First Wind O&M, Llc",Megan Smethurst,Renewables,Distributed Generation / C&I Solar,CLOSED_WON,CLOSED,100,2024-01-01,2024-01-01,2024-01-01,,,21.22,MWDC,14,,,,{},509280,509280,509280,445620,509280,572940,NAES_CRM_Opportunities_Import.csv,
REN-0037,O&M quote for 9 sites in VA for Johnson Controls,"First Wind O&M, Llc",Megan Smethurst,Renewables,Renewables,CLOSED_WON,CLOSED,100,2022-08-01,2022-08-01,2022-08-01,,,,,9,,,,{},,,,,,,NAES_CRM_Opportunities_Import.csv,
REN-0038,OH 13MW (OM),,Megan Smethurst,Renewables,Distributed Generation / C&I Solar,CLOSED_WON,CLOSED,100,2023-06-01,2023-06-01,2023-06-01,,,13,MWDC,,,,,{},312000,312000,312000,273000,312000,351000,NAES_CRM_Opportunities_Import.csv,account name needs review; account inferred from opportunity name
REN-0039,Oriden 4 Portfolio - PA,Oriden 4 Portfolio - PA,Megan Smethurst,Renewables,Utility-Scale Solar,CLOSED_WON,CLOSED,100,2024-01-01,2024-01-01,2024-01-01,,,,,4,,,,{},,,,,,,NAES_CRM_Opportunities_Import.csv,account inferred from opportunity name
REN-0040,Repower ABC Blocks at Arrache 8083 site,Repower Abc Blocks at Arrache 8083 site,Megan Smethurst,Renewables,Renewables,CLOSED_WON,CLOSED,100,2022-02-18,2022-02-18,2022-02-18,,,,,8083,,,,{},,,,,,,NAES_CRM_Opportunities_Import.csv,account inferred from opportunity name
REN-0041,Siemens O&M - First 10 sites,First Wind Solar Group,Megan Smethurst,Renewables,Distributed Generation / C&I Solar,CLOSED_WON,CLOSED,100,2022-09-01,2022-09-01,2022-09-01,,,,,10,,,,{},,,,,,,NAES_CRM_Opportunities_Import.csv,
REN-0042,Sunrise 20 MW Solar DG CA Portfolio,,Megan Smethurst,Renewables,Distributed Generation / C&I Solar,CLOSED_WON,CLOSED,100,2022-01-01,2022-01-01,2022-01-01,,,20,MWDC,,,,,{},480000,480000,480000,420000,480000,540000,NAES_CRM_Opportunities_Import.csv,account name needs review; account inferred from opportunity name
REN-0043,Tranche 1 - Bay4 Scope: 59.24 MWdc DG Solar & BESS Portfolio - Monitoring/ROC Services,Wind Energy Services Company,Megan Smethurst,Renewables,BESS,CLOSED_WON,CLOSED,100,2024-07-16,2024-07-16,2024-07-16,,,59.24,MWDC,,,,,{},1421760,1421760,1421760,1244040,1421760,1599480,NAES_CRM_Opportunities_Import.csv,
REN-0044,Tranche 2-A - Bay4 Scope: 9.96 MWdc DG Solar & BESS Portfolio - Monitoring/ROC Services,Wind Energy Services Company,Megan Smethurst,Renewables,BESS,CLOSED_WON,CLOSED,100,2024-07-16,2024-07-16,2024-07-16,,,9.96,MWDC,,,,,{},239040,239040,239040,209160,239040,268920,NAES_CRM_Opportunities_Import.csv,
REN-0045,UNO Solar 1.7MW,,Megan Smethurst,Renewables,Distributed Generation / C&I Solar,CLOSED_WON,CLOSED,100,2024-06-01,2024-06-01,2024-06-01,,,1.7,MWDC,,,,,{},40800,40800,40800,35700,40800,45900,NAES_CRM_Opportunities_Import.csv,account name needs review; account inferred from opportunity name
REN-0046,Total - 340 MW / 600 MW Solar + 2 x 150 MW Storage TX Projects,Total Renewables,Megan Smethurst,Renewables,BESS,CLOSED_WON,CLOSED,100,2023-04-01,2023-04-01,2023-04-01,,,340,MWDC,,,,,{},8160000,8160000,8160000,7140000,8160000,9180000,NAES_CRM_Opportunities_Import.csv,
REN-0047,NERC Registration and LTNS for 50 MW BESS in ERCOT,BESS,Megan Smethurst,Renewables,BESS,COMMERCIALS,BEST_CASE,60,2026-09-01,2026-09-01,,,,50,MWDC,,,,,{},1200000,1200000,720000,1050000,1200000,1350000,NAES_CRM_Opportunities_Import.csv,
REN-0048,Amberjack 415 MW Solar Portfolio,,Megan Smethurst,Renewables,Utility-Scale Solar,CLOSED_WON,CLOSED,100,2022-02-01,2022-02-01,2022-02-01,,,415,MWDC,,,,,{},9960000,9960000,9960000,8715000,9960000,11205000,NAES_CRM_Opportunities_Import.csv,account name needs review; account inferred from opportunity name
REN-0049,Novis Georgia 254 MW Solar Project,"Novis Renewables, Llc",Megan Smethurst,Renewables,Utility-Scale Solar,CLOSED_WON,CLOSED,100,2023-07-01,2023-07-01,2023-07-01,,,254,MWDC,,,,,{},6096000,6096000,6096000,5334000,6096000,6858000,NAES_CRM_Opportunities_Import.csv,
REN-0050,Ellis Solar 98 MW TX Solar,,Megan Smethurst,Renewables,Utility-Scale Solar,CLOSED_WON,CLOSED,100,2022-10-17,2022-10-17,2022-10-17,,,98,MWDC,,,,,{},2352000,2352000,2352000,2058000,2352000,2646000,NAES_CRM_Opportunities_Import.csv,account name needs review; account inferred from opportunity name
REN-0051,Madero and Ignacio 100 MW TX Storage Projects,Cb&I Storage Solutions,Megan Smethurst,Renewables,BESS,CLOSED_WON,CLOSED,100,2021-11-01,2021-11-01,2021-11-01,,,100,MWDC,,,,,{},2400000,2400000,2400000,2100000,2400000,2700000,NAES_CRM_Opportunities_Import.csv,
REN-0052,Rayos del Sol 241 MWdc Solar Plant,,Megan Smethurst,Renewables,Utility-Scale Solar,CLOSED_WON,CLOSED,100,2021-12-01,2021-12-01,2021-12-01,,,241,MWDC,,,,,{},5784000,5784000,5784000,5061000,5784000,6507000,NAES_CRM_Opportunities_Import.csv,account name needs review; account inferred from opportunity name
REN-0053,Stagecoach 80 MW Solar Project in GA,,Megan Smethurst,Renewables,Utility-Scale Solar,CLOSED_WON,CLOSED,100,2023-07-01,2023-07-01,2023-07-01,,,80,MWDC,,,,,{},1920000,1920000,1920000,1680000,1920000,2160000,NAES_CRM_Opportunities_Import.csv,account name needs review; account inferred from opportunity name
REN-0054,TX Tres Bahias Solar 254 MW,,Megan Smethurst,Renewables,Utility-Scale Solar,CLOSED_WON,CLOSED,100,2023-07-01,2023-07-01,2023-07-01,,,254,MWDC,,,,,{},6096000,6096000,6096000,5334000,6096000,6858000,NAES_CRM_Opportunities_Import.csv,account name needs review; account inferred from opportunity name
REN-0055,Border 52 MW BESS,BESS,Megan Smethurst,Renewables,BESS,CLOSED_WON,CLOSED,100,2024-05-01,2024-05-01,2024-05-01,,,52,MWDC,,,,,{},1248000,1248000,1248000,1092000,1248000,1404000,NAES_CRM_Opportunities_Import.csv,
REN-0056,Hanford 131.4 MW BESS,BESS,Megan Smethurst,Renewables,BESS,CLOSED_WON,CLOSED,100,2024-05-01,2024-05-01,2024-05-01,,,131.4,MWDC,,,,,{},3153600,3153600,3153600,2759400,3153600,3547800,NAES_CRM_Opportunities_Import.csv,
REN-0057,Harquahala Sun 150 MW Solar and Storage,Cb&I Storage Solutions,Megan Smethurst,Renewables,BESS,CLOSED_WON,CLOSED,100,2024-07-01,2024-07-01,2024-07-01,,,150,MWDC,,,,,{},3600000,3600000,3600000,3150000,3600000,4050000,NAES_CRM_Opportunities_Import.csv,
REN-0058,Henrietta 99.4 MW BESS,BESS,Megan Smethurst,Renewables,BESS,CLOSED_WON,CLOSED,100,2024-05-01,2024-05-01,2024-05-01,,,99.4,MWDC,,,,,{},2385600,2385600,2385600,2087400,2385600,2683800,NAES_CRM_Opportunities_Import.csv,
REN-0059,Malaga 140 MW BESS,BESS,Megan Smethurst,Renewables,BESS,CLOSED_WON,CLOSED,100,2024-05-01,2024-05-01,2024-05-01,,,140,MWDC,,,,,{},3360000,3360000,3360000,2940000,3360000,3780000,NAES_CRM_Opportunities_Import.csv,
REN-0060,Savion Madison Fields 180 MW Solar,,Megan Smethurst,Renewables,Utility-Scale Solar,CLOSED_WON,CLOSED,100,2022-12-23,2022-12-23,2022-12-23,,,180,MWDC,,,,,{},4320000,4320000,4320000,3780000,4320000,4860000,NAES_CRM_Opportunities_Import.csv,account name needs review; account inferred from opportunity name
REN-0061,IE reports on TX BESS assets 10MW ea,BESS,Megan Smethurst,Renewables,BESS,CLOSED_WON,CLOSED,100,2025-01-01,2025-01-01,2025-01-01,,,10,MWDC,2,,,,{},240000,240000,240000,210000,240000,270000,NAES_CRM_Opportunities_Import.csv,
REN-0062,MW-400MWh BESS,BESS,Megan Smethurst,Renewables,BESS,CLOSED_WON,CLOSED,100,2026-01-01,2026-01-01,2026-01-01,,,100,MWDC,,,,,{},2400000,2400000,2400000,2100000,2400000,2700000,NAES_CRM_Opportunities_Import.csv,
REN-0063,MW Biomass O&M Opportunity Tracy Renewable Energy,Renewable Biomass Group,Megan Smethurst,Renewables,Renewables,COMMERCIALS,BEST_CASE,60,2026-07-01,2026-07-01,,,,5,MWDC,,,,,{},120000,120000,72000,105000,120000,135000,NAES_CRM_Opportunities_Import.csv,
REN-0064,Cascade 40 MW Energy Storage,,Megan Smethurst,Renewables,BESS,CLOSED_WON,CLOSED,100,2023-09-01,2023-09-01,2023-09-01,,,40,MWDC,,,,,{},960000,960000,960000,840000,960000,1080000,NAES_CRM_Opportunities_Import.csv,account name needs review; account inferred from opportunity name
REN-0065,"Cradle Solar - 265 MWdc (Brazoria County, TX/ERCOT)",,Megan Smethurst,Renewables,Utility-Scale Solar,CLOSED_WON,CLOSED,100,2025-12-31,2025-12-31,2025-12-31,,,265,MWDC,,,,,{},6360000,6360000,6360000,5565000,6360000,7155000,NAES_CRM_Opportunities_Import.csv,account name needs review; account inferred from opportunity name
REN-0066,Cubico 350 MW Mexico Solar,,Megan Smethurst,Renewables,Utility-Scale Solar,CLOSED_WON,CLOSED,100,2023-04-01,2023-04-01,2023-04-01,,,350,MWDC,,,,,{},8400000,8400000,8400000,7350000,8400000,9450000,NAES_CRM_Opportunities_Import.csv,account name needs review; account inferred from opportunity name
REN-0067,Double Black Diamond 777 MW Solar,,Megan Smethurst,Renewables,Utility-Scale Solar,CLOSED_WON,CLOSED,100,2024-10-01,2024-10-01,2024-10-01,,,777,MWDC,,,,,{},18648000,18648000,18648000,16317000,18648000,20979000,NAES_CRM_Opportunities_Import.csv,account name needs review; account inferred from opportunity name
REN-0068,Eldora 200 MW Energy Storage in TX,,Megan Smethurst,Renewables,BESS,CLOSED_WON,CLOSED,100,2026-01-01,2026-01-01,2026-01-01,,,200,MWDC,,,,,{},4800000,4800000,4800000,4200000,4800000,5400000,NAES_CRM_Opportunities_Import.csv,account name needs review; account inferred from opportunity name
REN-0069,Greenfield GT/RECIP 350 MW + 600 MWH Battery,,Megan Smethurst,Renewables,BESS,COMMERCIALS,BEST_CASE,60,2027-06-01,2027-06-01,,,,350,MWDC,,,,,{},8400000,8400000,5040000,7350000,8400000,9450000,NAES_CRM_Opportunities_Import.csv,account name needs review; account inferred from opportunity name
REN-0070,Harvest Gold 134 MW Solar,,Megan Smethurst,Renewables,Utility-Scale Solar,CLOSED_WON,CLOSED,100,2024-01-01,2024-01-01,2024-01-01,,,134,MWDC,,,,,{},3216000,3216000,3216000,2814000,3216000,3618000,NAES_CRM_Opportunities_Import.csv,account name needs review; account inferred from opportunity name
REN-0071,Martins (111 MW) & Kiowa (100 MW) County Solar RFP,Kiowa County,Megan Smethurst,Renewables,Utility-Scale Solar,CLOSED_WON,CLOSED,100,2024-06-01,2024-06-01,2024-06-01,,,111,MWDC,,,,,{},2664000,2664000,2664000,2331000,2664000,2997000,NAES_CRM_Opportunities_Import.csv,
REN-0072,Northland 4 NY Solar Projects - 576 MW Total,Total Renewables,Megan Smethurst,Renewables,Distributed Generation / C&I Solar,CLOSED_WON,CLOSED,100,2024-01-01,2024-01-01,2024-01-01,,,576,MWDC,,,,,{},13824000,13824000,13824000,12096000,13824000,15552000,NAES_CRM_Opportunities_Import.csv,
REN-0073,Northland NY 300 MW (3 sites) Wind Portfolio,,Megan Smethurst,Renewables,Wind,CLOSED_WON,CLOSED,100,2023-05-01,2023-05-01,2023-05-01,,,300,MWDC,3,,,,{},7200000,7200000,7200000,6300000,7200000,8100000,NAES_CRM_Opportunities_Import.csv,account name needs review; account inferred from opportunity name
REN-0074,O&M for High Desert 130MWDC Solar & BESS,BESS,Megan Smethurst,Renewables,BESS,CLOSED_WON,CLOSED,100,2024-04-01,2024-04-01,2024-04-01,,,130,MWDC,,,,,{},3120000,3120000,3120000,2730000,3120000,3510000,NAES_CRM_Opportunities_Import.csv,
REN-0075,Painted Desert 1000 MW Solar Plus Storage,Painted Desert Energy,Megan Smethurst,Renewables,BESS,CLOSED_WON,CLOSED,100,2026-01-01,2026-01-01,2026-01-01,,,1000,MWDC,,,,,{},24000000,24000000,24000000,21000000,24000000,27000000,NAES_CRM_Opportunities_Import.csv,
REN-0076,Rail Tie 250 MW Wind Project,,Megan Smethurst,Renewables,Wind,CLOSED_WON,CLOSED,100,2024-12-31,2024-12-31,2024-12-31,,,250,MWDC,,,,,{},6000000,6000000,6000000,5250000,6000000,6750000,NAES_CRM_Opportunities_Import.csv,account name needs review; account inferred from opportunity name
REN-0077,Rail Tie 500 MW Wind O&M,"First Wind O&M, Llc",Megan Smethurst,Renewables,Wind,CLOSED_WON,CLOSED,100,2025-06-01,2025-06-01,2025-06-01,,,500,MWDC,,,,,{},12000000,12000000,12000000,10500000,12000000,13500000,NAES_CRM_Opportunities_Import.csv,
REN-0078,Saddlebrook Solar 80 MW in Alberta,,Megan Smethurst,Renewables,Utility-Scale Solar,CLOSED_WON,CLOSED,100,2023-10-01,2023-10-01,2023-10-01,,,80,MWDC,,,,,{},1920000,1920000,1920000,1680000,1920000,2160000,NAES_CRM_Opportunities_Import.csv,account name needs review; account inferred from opportunity name
REN-0079,Scarlet 200 MW Solar,,Megan Smethurst,Renewables,Utility-Scale Solar,CLOSED_WON,CLOSED,100,2023-10-01,2023-10-01,2023-10-01,,,200,MWDC,,,,,{},4800000,4800000,4800000,4200000,4800000,5400000,NAES_CRM_Opportunities_Import.csv,account name needs review; account inferred from opportunity name
REN-0080,Sierra 10 MW Storage in CA,,Megan Smethurst,Renewables,BESS,CLOSED_WON,CLOSED,100,2023-06-01,2023-06-01,2023-06-01,,,10,MWDC,,,,,{},240000,240000,240000,210000,240000,270000,NAES_CRM_Opportunities_Import.csv,account name needs review; account inferred from opportunity name
REN-0081,Nobles 350 MW Solar & Storage,Cb&I Storage Solutions,Megan Smethurst,Renewables,BESS,CLOSED_WON,CLOSED,100,2022-04-01,2022-04-01,2022-04-01,,,350,MWDC,,,,,{},8400000,8400000,8400000,7350000,8400000,9450000,NAES_CRM_Opportunities_Import.csv,
REN-0082,"Texas BESS sites - 10MW, 20MWh",BESS,Megan Smethurst,Renewables,BESS,CLOSED_WON,CLOSED,100,2025-04-01,2025-04-01,2025-04-01,,,10,MWDC,2,,,,{},240000,240000,240000,210000,240000,270000,NAES_CRM_Opportunities_Import.csv,
REN-0083,AM services for a Solar 250-300MW in Azerbaijan,Wind Energy Services Company,Megan Smethurst,Renewables,Utility-Scale Solar,CLOSED_WON,CLOSED,100,2025-07-31,2025-07-31,2025-07-31,,,300,MWDC,,,,,{},7200000,7200000,7200000,6300000,7200000,8100000,NAES_CRM_Opportunities_Import.csv,
REN-0084,Beekman (MISO South) 244 MWdc - AM & NERC Services,Wind Energy Services Company,Megan Smethurst,Renewables,Utility-Scale Solar,COMMERCIALS,BEST_CASE,60,2026-07-01,2026-07-01,,,,244,MWDC,,,,,{},5856000,5856000,3513600,5124000,5856000,6588000,NAES_CRM_Opportunities_Import.csv,
REN-0085,Carlyle 181 MW Solar Portfolio,,Megan Smethurst,Renewables,Utility-Scale Solar,CLOSED_WON,CLOSED,100,2023-09-01,2023-09-01,2023-09-01,,,181,MWDC,,,,,{},4344000,4344000,4344000,3801000,4344000,4887000,NAES_CRM_Opportunities_Import.csv,account name needs review; account inferred from opportunity name
REN-0086,ERCOT 500mw Solar AM,,Megan Smethurst,Renewables,Utility-Scale Solar,CLOSED_WON,CLOSED,100,2022-12-01,2022-12-01,2022-12-01,,,500,MWDC,,,,,{},12000000,12000000,12000000,10500000,12000000,13500000,NAES_CRM_Opportunities_Import.csv,account name needs review; account inferred from opportunity name
REN-0087,Gore Street 200 MW BESS CA,BESS,Megan Smethurst,Renewables,BESS,CLOSED_WON,CLOSED,100,2023-11-24,2023-11-24,2023-11-24,,,200,MWDC,,,,,{},4800000,4800000,4800000,4200000,4800000,5400000,NAES_CRM_Opportunities_Import.csv,
REN-0088,Gore Street BESS NE England 200 MW BESS,BESS,Megan Smethurst,Renewables,BESS,CLOSED_WON,CLOSED,100,2024-10-01,2024-10-01,2024-10-01,,,200,MWDC,,,,,{},4800000,4800000,4800000,4200000,4800000,5400000,NAES_CRM_Opportunities_Import.csv,
REN-0089,Gore Street Big Rock 200 MW BESS,BESS,Megan Smethurst,Renewables,BESS,CLOSED_WON,CLOSED,100,2024-06-01,2024-06-01,2024-06-01,,,200,MWDC,,,,,{},4800000,4800000,4800000,4200000,4800000,5400000,NAES_CRM_Opportunities_Import.csv,
REN-0090,Hollis Creek (MISO South) 240 MWdc,,Megan Smethurst,Renewables,Utility-Scale Solar,CLOSED_WON,CLOSED,100,2025-05-13,2025-05-13,2025-05-13,,,240,MWDC,,,,,{},5760000,5760000,5760000,5040000,5760000,6480000,NAES_CRM_Opportunities_Import.csv,account name needs review; account inferred from opportunity name
REN-0091,Redfield (MISO-South) 125 MWdc - Asset Management & NERC Services,Wind Energy Services Company,Megan Smethurst,Renewables,Utility-Scale Solar,CLOSED_WON,CLOSED,100,2024-11-22,2024-11-22,2024-11-22,,,125,MWDC,,,,,{},3000000,3000000,3000000,2625000,3000000,3375000,NAES_CRM_Opportunities_Import.csv,
REN-0092,Tranche 1 - PEMS Scope: 59.24 MWdc DG Solar & BESS Portfolio - Asset Management Services,Wind Energy Services Company,Megan Smethurst,Renewables,BESS,CLOSED_WON,CLOSED,100,2024-07-16,2024-07-16,2024-07-16,,,59.24,MWDC,,,,,{},1421760,1421760,1421760,1244040,1421760,1599480,NAES_CRM_Opportunities_Import.csv,
REN-0093,Tranche 2-A - PEMS Scope: 9.96 MWdc DG Solar & BESS Portfolio - Asset Management Services,Wind Energy Services Company,Megan Smethurst,Renewables,BESS,CLOSED_WON,CLOSED,100,2024-07-16,2024-07-16,2024-07-16,,,9.96,MWDC,,,,,{},239040,239040,239040,209160,239040,268920,NAES_CRM_Opportunities_Import.csv,
REN-0094,"Tranche 2.B - PEMS Scope - of Catalyze DG Solar & Bess Portfolio, representing incremental 22.89 MWdc.",Catalyze,Megan Smethurst,Renewables,BESS,CLOSED_WON,CLOSED,100,2024-10-15,2024-10-15,2024-10-15,,,22.89,MWDC,,,,,{},549360,549360,549360,480690,549360,618030,NAES_CRM_Opportunities_Import.csv,
REN-0095,Tranche 3 - PEMS Scope: 31.00 MWdc DG Solar & BESS Portfolio - Asset Management Services,Wind Energy Services Company,Megan Smethurst,Renewables,BESS,CLOSED_WON,CLOSED,100,2024-07-01,2024-07-01,2024-07-01,,,31,MWDC,,,,,{},744000,744000,744000,651000,744000,837000,NAES_CRM_Opportunities_Import.csv,
REN-0096,Tranche 4 - PEMS Scope: 94.45 MWdc DG Solar & BESS Portfolio - Asset Management Services,Wind Energy Services Company,Megan Smethurst,Renewables,BESS,CLOSED_WON,CLOSED,100,2024-10-01,2024-10-01,2024-10-01,,,94.45,MWDC,,,,,{},2266800,2266800,2266800,1983450,2266800,2550150,NAES_CRM_Opportunities_Import.csv,
REN-0097,Tranche 5 - PEMS Scope: 81.42 MWdc DG Solar & BESS Portfolio - Asset Management Services,Wind Energy Services Company,Megan Smethurst,Renewables,BESS,CLOSED_WON,CLOSED,100,2025-04-01,2025-04-01,2025-04-01,,,81.42,MWDC,,,,,{},1954080,1954080,1954080,1709820,1954080,2198340,NAES_CRM_Opportunities_Import.csv,
REN-0098,Tranche 6 - PEMS Scope: 66.38 MWdc DG Solar & BESS Portfolio - Asset Management Services,Wind Energy Services Company,Megan Smethurst,Renewables,BESS,CLOSED_WON,CLOSED,100,2025-04-01,2025-04-01,2025-04-01,,,66.38,MWDC,,,,,{},1593120,1593120,1593120,1393980,1593120,1792260,NAES_CRM_Opportunities_Import.csv,
REN-0099,Tranche 7 - PEMS Scope: 15.54 MWdc DG Solar & BESS Portfolio - Asset Management Services,Wind Energy Services Company,Megan Smethurst,Renewables,BESS,CLOSED_WON,CLOSED,100,2025-07-01,2025-07-01,2025-07-01,,,15.54,MWDC,,,,,{},372960,372960,372960,326340,372960,419580,NAES_CRM_Opportunities_Import.csv,
REN-0100,Tranche 8 - PEMS Scope: 26.74 MWdc DG Solar & BESS Portfolio - Asset Management Services,Wind Energy Services Company,Megan Smethurst,Renewables,BESS,COMMERCIALS,BEST_CASE,60,2026-04-01,2026-04-01,,,,26.74,MWDC,,,,,{},641760,641760,385056,561540,641760,721980,NAES_CRM_Opportunities_Import.csv,
REN-0101,CA sites 1.78MW,,Megan Smethurst,Renewables,Distributed Generation / C&I Solar,CLOSED_WON,CLOSED,100,2026-01-01,2026-01-01,2026-01-01,,,1.78,MWDC,2,,,,{},42720,42720,42720,37380,42720,48060,NAES_CRM_Opportunities_Import.csv,account name needs review; account inferred from opportunity name
REN-0102,"MWdc 20MWac Solar, Sanford ME",,Megan Smethurst,Renewables,Distributed Generation / C&I Solar,CLOSED_WON,CLOSED,100,2025-10-01,2025-10-01,2025-10-01,,,27.987,MWDC,,,,,{},671688,671688,671688,587727,671688,755649,NAES_CRM_Opportunities_Import.csv,account name needs review; account inferred from opportunity name
REN-0103,MWdc Solar Portfolio - O&M + Togami Reclosers,"First Wind O&M, Llc",Megan Smethurst,Renewables,Distributed Generation / C&I Solar,CLOSED_WON,CLOSED,100,2025-06-01,2025-06-01,2025-06-01,,,300,MWDC,,,,,{},7200000,7200000,7200000,6300000,7200000,8100000,NAES_CRM_Opportunities_Import.csv,
REN-0104,"MWdc Solar DG, (14) sites - CA",,Megan Smethurst,Renewables,Distributed Generation / C&I Solar,COMMERCIALS,BEST_CASE,60,2026-05-01,2026-05-01,,,,37.6,MWDC,,,,,{},902400,902400,541440,789600,902400,1015200,NAES_CRM_Opportunities_Import.csv,account name needs review; account inferred from opportunity name
REN-0105,AMEX Phoenix 5.282MW - AM,,Megan Smethurst,Renewables,Distributed Generation / C&I Solar,CLOSED_WON,CLOSED,100,2024-10-01,2024-10-01,2024-10-01,,,5.282,MWDC,,,,,{},126768,126768,126768,110922,126768,142614,NAES_CRM_Opportunities_Import.csv,account name needs review; account inferred from opportunity name
REN-0106,AMEX Phoenix GM 5.67MW (O&M),"First Wind O&M, Llc",Megan Smethurst,Renewables,Distributed Generation / C&I Solar,CLOSED_WON,CLOSED,100,2025-05-01,2025-05-01,2025-05-01,,,5.67,MWDC,,,,,{},136080,136080,136080,119070,136080,153090,NAES_CRM_Opportunities_Import.csv,
REN-0107,AMEX Phoenix GM 5.67MW - AM,,Megan Smethurst,Renewables,Distributed Generation / C&I Solar,CLOSED_WON,CLOSED,100,2025-03-02,2025-03-02,2025-03-02,,,5.67,MWDC,,,,,{},136080,136080,136080,119070,136080,153090,NAES_CRM_Opportunities_Import.csv,account name needs review; account inferred from opportunity name
REN-0108,Argo Capital Partners- 53 Site O&M,"Wind Capital Group, Llc",Megan Smethurst,Renewables,Distributed Generation / C&I Solar,CLOSED_WON,CLOSED,100,2026-03-01,2026-03-01,2026-03-01,,,,,53,,,,{},,,,,,,NAES_CRM_Opportunities_Import.csv,
REN-0109,BESS O&M (125MW CA Fleet),BESS,Megan Smethurst,Renewables,BESS,CLOSED_WON,CLOSED,100,2025-01-01,2025-01-01,2025-01-01,,,125,MWDC,,,,,{},3000000,3000000,3000000,2625000,3000000,3375000,NAES_CRM_Opportunities_Import.csv,
REN-0110,"Bennington, VT - 2.545MWdc O&M","First Wind O&M, Llc",Megan Smethurst,Renewables,Distributed Generation / C&I Solar,CLOSED_WON,CLOSED,100,2025-06-01,2025-06-01,2025-06-01,,,2.545,MWDC,,,,,{},61080,61080,61080,53445,61080,68715,NAES_CRM_Opportunities_Import.csv,
REN-0111,CA Portfolio #2 - OM (4) 6.6MW,,Megan Smethurst,Renewables,Distributed Generation / C&I Solar,CLOSED_WON,CLOSED,100,2025-06-01,2025-06-01,2025-06-01,,,6.6,MWDC,,,,,{},158400,158400,158400,138600,158400,178200,NAES_CRM_Opportunities_Import.csv,account name needs review; account inferred from opportunity name
REN-0112,CA portfolio #1 - Millenium Apartments .977 MW,,Megan Smethurst,Renewables,Distributed Generation / C&I Solar,CLOSED_WON,CLOSED,100,2025-09-01,2025-09-01,2025-09-01,,,977,MWDC,,,,,{},23448000,23448000,23448000,20517000,23448000,26379000,NAES_CRM_Opportunities_Import.csv,account name needs review; account inferred from opportunity name
REN-0113,CA portfolio #1 - OAKD - The Core .43 MW,,Megan Smethurst,Renewables,Distributed Generation / C&I Solar,CLOSED_WON,CLOSED,100,2025-05-08,2025-05-08,2025-05-08,,,43,MWDC,,,,,{},1032000,1032000,1032000,903000,1032000,1161000,NAES_CRM_Opportunities_Import.csv,account name needs review; account inferred from opportunity name
REN-0114,CA portfolio #1 - SHAG-Marina Village .491 MW,,Megan Smethurst,Renewables,Distributed Generation / C&I Solar,CLOSED_WON,CLOSED,100,2025-05-08,2025-05-08,2025-05-08,,,491,MWDC,,,,,{},11784000,11784000,11784000,10311000,11784000,13257000,NAES_CRM_Opportunities_Import.csv,account name needs review; account inferred from opportunity name
REN-0115,CA portfolio #1 - USAP - Adega .455 MW,,Megan Smethurst,Renewables,Distributed Generation / C&I Solar,CLOSED_WON,CLOSED,100,2025-05-08,2025-05-08,2025-05-08,,,455,MWDC,,,,,{},10920000,10920000,10920000,9555000,10920000,12285000,NAES_CRM_Opportunities_Import.csv,account name needs review; account inferred from opportunity name
REN-0116,CA portfolio #1 - Weberstown Mall 1.4MW,,Megan Smethurst,Renewables,Distributed Generation / C&I Solar,CLOSED_WON,CLOSED,100,2024-08-29,2024-08-29,2024-08-29,,,1.4,MWDC,,,,,{},33600,33600,33600,29400,33600,37800,NAES_CRM_Opportunities_Import.csv,account name needs review; account inferred from opportunity name
REN-0117,"Cambridge & Elgin, IL - (2) Sites 12.7MW",,Megan Smethurst,Renewables,Distributed Generation / C&I Solar,COMMERCIALS,BEST_CASE,60,2026-10-01,2026-10-01,,,,12.7,MWDC,,,,,{},304800,304800,182880,266700,304800,342900,NAES_CRM_Opportunities_Import.csv,account name needs review; account inferred from opportunity name
REN-0118,Cincinnati Zoo Solar Project 28.08MW,,Megan Smethurst,Renewables,Distributed Generation / C&I Solar,CLOSED_WON,CLOSED,100,2025-01-01,2025-01-01,2025-01-01,,,28.08,MWDC,,,,,{},673920,673920,673920,589680,673920,758160,NAES_CRM_Opportunities_Import.csv,account name needs review; account inferred from opportunity name
REN-0119,"Comolli 2.88MW Ashaway, RI",,Megan Smethurst,Renewables,Distributed Generation / C&I Solar,COMMERCIALS,BEST_CASE,60,2026-04-01,2026-04-01,,,,2.88,MWDC,,,,,{},69120,69120,41472,60480,69120,77760,NAES_CRM_Opportunities_Import.csv,account name needs review; account inferred from opportunity name
REN-0120,Double Springs 100MW 8MWh BESS,BESS,Megan Smethurst,Renewables,BESS,COMMERCIALS,BEST_CASE,60,2028-09-30,2028-09-30,,,,100,MWDC,,,,,{},2400000,2400000,1440000,2100000,2400000,2700000,NAES_CRM_Opportunities_Import.csv,
REN-0121,Freeport Fairview Solar 2 (IL2) - 2.58MW,,Megan Smethurst,Renewables,Distributed Generation / C&I Solar,CLOSED_WON,CLOSED,100,2026-01-01,2026-01-01,2026-01-01,,,2.58,MWDC,,,,,{},61920,61920,61920,54180,61920,69660,NAES_CRM_Opportunities_Import.csv,account name needs review; account inferred from opportunity name
REN-0122,"Gainsville, NY (1) 7.163 MW GM, FT",,Megan Smethurst,Renewables,Distributed Generation / C&I Solar,CLOSED_WON,CLOSED,100,2025-07-01,2025-07-01,2025-07-01,,,7.163,MWDC,,,,,{},171912,171912,171912,150423,171912,193401,NAES_CRM_Opportunities_Import.csv,account name needs review; account inferred from opportunity name
REN-0123,"Grayback, TX 180MWac 230.5MWdc",,Megan Smethurst,Renewables,Utility-Scale Solar,CLOSED_WON,CLOSED,100,2026-01-01,2026-01-01,2026-01-01,,,230.5,MWDC,,,,,{},5532000,5532000,5532000,4840500,5532000,6223500,NAES_CRM_Opportunities_Import.csv,account name needs review; account inferred from opportunity name
REN-0124,Grundy County Solar Project 2.75MW,"Shiloh Wind Project 2, Llc",Megan Smethurst,Renewables,Distributed Generation / C&I Solar,CLOSED_WON,CLOSED,100,2026-01-01,2026-01-01,2026-01-01,,,2.75,MWDC,,,,,{},66000,66000,66000,57750,66000,74250,NAES_CRM_Opportunities_Import.csv,
REN-0125,"Hardie Road (1) 7.07 MW GM, FT",,Megan Smethurst,Renewables,Distributed Generation / C&I Solar,COMMERCIALS,BEST_CASE,60,2026-06-01,2026-06-01,,,,7.07,MWDC,,,,,{},169680,169680,101808,148470,169680,190890,NAES_CRM_Opportunities_Import.csv,account name needs review; account inferred from opportunity name
REN-0126,"Highway 28 (1) 7MW Middletown, NY",,Megan Smethurst,Renewables,Distributed Generation / C&I Solar,COMMERCIALS,BEST_CASE,60,2026-06-01,2026-06-01,,,,7,MWDC,,,,,{},168000,168000,100800,147000,168000,189000,NAES_CRM_Opportunities_Import.csv,account name needs review; account inferred from opportunity name
REN-0127,Hugoton 14.857 MW (O&M),"First Wind O&M, Llc",Megan Smethurst,Renewables,Distributed Generation / C&I Solar,CLOSED_WON,CLOSED,100,2025-04-01,2025-04-01,2025-04-01,,,14.857,MWDC,,,,,{},356568,356568,356568,311997,356568,401139,NAES_CRM_Opportunities_Import.csv,
REN-0128,M&T Portal Reporting 30 sites,M&T Bank,Megan Smethurst,Renewables,Renewables,CLOSED_WON,CLOSED,100,2024-06-01,2024-06-01,2024-06-01,,,,,30,,,,{},,,,,,,NAES_CRM_Opportunities_Import.csv,
REN-0129,Madison Portfolio (425 sites) 442.99MW,,Megan Smethurst,Renewables,Distributed Generation / C&I Solar,CLOSED_WON,CLOSED,100,2025-11-17,2025-11-17,2025-11-17,,,442.99,MWDC,425,,,,{},10631760,10631760,10631760,9302790,10631760,11960730,NAES_CRM_Opportunities_Import.csv,account name needs review; account inferred from opportunity name
REN-0130,NY Portfolio #3 - 92.8MW,,Megan Smethurst,Renewables,Distributed Generation / C&I Solar,CLOSED_WON,CLOSED,100,2025-01-01,2025-01-01,2025-01-01,,,92.8,MWDC,,,,,{},2227200,2227200,2227200,1948800,2227200,2505600,NAES_CRM_Opportunities_Import.csv,account name needs review; account inferred from opportunity name
REN-0131,"O&M 942.4kWdc Gurnee,IL site","First Wind O&M, Llc",Megan Smethurst,Renewables,Distributed Generation / C&I Solar,CLOSED_WON,CLOSED,100,2026-01-01,2026-01-01,2026-01-01,,,0.9424,MWDC,,,,,{},22617.6,22617.6,22617.6,19790.4,22617.6,25444.8,NAES_CRM_Opportunities_Import.csv,
REN-0132,Penn Medicine - 2.18MW,,Megan Smethurst,Renewables,Distributed Generation / C&I Solar,CLOSED_WON,CLOSED,100,2025-05-01,2025-05-01,2025-05-01,,,2.18,MWDC,,,,,{},52320,52320,52320,45780,52320,58860,NAES_CRM_Opportunities_Import.csv,account name needs review; account inferred from opportunity name
REN-0133,Prospero Energy 1 (379MW) & 2 (331MW),,Megan Smethurst,Renewables,Utility-Scale Solar,CLOSED_WON,CLOSED,100,2025-08-01,2025-08-01,2025-08-01,,,379,MWDC,,,,,{},9096000,9096000,9096000,7959000,9096000,10233000,NAES_CRM_Opportunities_Import.csv,account name needs review; account inferred from opportunity name
REN-0134,"Rice Road (1) 6.4MW GM, FT",,Megan Smethurst,Renewables,Distributed Generation / C&I Solar,COMMERCIALS,BEST_CASE,60,2026-06-01,2026-06-01,,,,6.4,MWDC,,,,,{},153600,153600,92160,134400,153600,172800,NAES_CRM_Opportunities_Import.csv,account name needs review; account inferred from opportunity name
REN-0135,"Rockland, NY Solar Plant 6MWdc",,Megan Smethurst,Renewables,Distributed Generation / C&I Solar,CLOSED_WON,CLOSED,100,2026-03-01,2026-03-01,2026-03-01,,,6,MWDC,,,,,{},144000,144000,144000,126000,144000,162000,NAES_CRM_Opportunities_Import.csv,account name needs review; account inferred from opportunity name
REN-0136,Siemens NY 6 Sites O&M,"First Wind O&M, Llc",Megan Smethurst,Renewables,Utility-Scale Solar,CLOSED_WON,CLOSED,100,2025-06-01,2025-06-01,2025-06-01,,,,,6,,,,{},,,,,,,NAES_CRM_Opportunities_Import.csv,
REN-0137,Sierra Solar - 520MWdc PV + 400MW BESS,BESS,Megan Smethurst,Renewables,BESS,CLOSED_WON,CLOSED,100,2026-03-01,2026-03-01,2026-03-01,,,520,MWDC,,,,,{},12480000,12480000,12480000,10920000,12480000,14040000,NAES_CRM_Opportunities_Import.csv,
REN-0138,Stadium BESS O&M 10MW/20MWh,BESS,Megan Smethurst,Renewables,BESS,CLOSED_WON,CLOSED,100,2026-01-01,2026-01-01,2026-01-01,,,10,MWDC,,,,,{},240000,240000,240000,210000,240000,270000,NAES_CRM_Opportunities_Import.csv,
REN-0139,Tranche 2.B - Bay4 Scope: 22.89 MWdc DG Solar & BESS Portfolio - Monitoring/ROC Services,Wind Energy Services Company,Megan Smethurst,Renewables,BESS,CLOSED_WON,CLOSED,100,2024-07-26,2024-07-26,2024-07-26,,,22.89,MWDC,,,,,{},549360,549360,549360,480690,549360,618030,NAES_CRM_Opportunities_Import.csv,
REN-0140,Tranche 3 - Bay4 Scope: 31.00 MWdc DG Solar & BESS Portfolio - Monitoring/ROC Services,Wind Energy Services Company,Megan Smethurst,Renewables,BESS,CLOSED_WON,CLOSED,100,2024-07-01,2024-07-01,2024-07-01,,,31,MWDC,,,,,{},744000,744000,744000,651000,744000,837000,NAES_CRM_Opportunities_Import.csv,
REN-0141,Tranche 4 - Bay4 Scope: 94.45 MWdc DG Solar & BESS Portfolio - Monitoring/ROC Services,Wind Energy Services Company,Megan Smethurst,Renewables,BESS,CLOSED_WON,CLOSED,100,2024-10-01,2024-10-01,2024-10-01,,,94.45,MWDC,,,,,{},2266800,2266800,2266800,1983450,2266800,2550150,NAES_CRM_Opportunities_Import.csv,
REN-0142,Tranche 5 - Bay4 Scope: 81.42 MWdc DG Solar & BESS Portfolio - Monitoring/ROC Services,Wind Energy Services Company,Megan Smethurst,Renewables,BESS,CLOSED_WON,CLOSED,100,2025-01-01,2025-01-01,2025-01-01,,,81.42,MWDC,,,,,{},1954080,1954080,1954080,1709820,1954080,2198340,NAES_CRM_Opportunities_Import.csv,
REN-0143,Tranche 6 - Bay4 Scope: 66.38 MWdc DG Solar & BESS Portfolio - Monitoring/ROC Services,Wind Energy Services Company,Megan Smethurst,Renewables,BESS,CLOSED_WON,CLOSED,100,2025-04-01,2025-04-01,2025-04-01,,,66.38,MWDC,,,,,{},1593120,1593120,1593120,1393980,1593120,1792260,NAES_CRM_Opportunities_Import.csv,
REN-0144,Tranche 7 - Bay4 Scope: 15.54 MWdc DG Solar & BESS Portfolio - Monitoring/ROC Services,Wind Energy Services Company,Megan Smethurst,Renewables,BESS,CLOSED_WON,CLOSED,100,2025-07-01,2025-07-01,2025-07-01,,,15.54,MWDC,,,,,{},372960,372960,372960,326340,372960,419580,NAES_CRM_Opportunities_Import.csv,
REN-0145,Tranche 8 - Bay4 Scope: 26.74 MWdc DG Solar & BESS Portfolio - Monitoring/ROC Services,Wind Energy Services Company,Megan Smethurst,Renewables,BESS,COMMERCIALS,BEST_CASE,60,2026-04-01,2026-04-01,,,,26.74,MWDC,,,,,{},641760,641760,385056,561540,641760,721980,NAES_CRM_Opportunities_Import.csv,
REN-0146,"Waterbury Landfill VNM 2.56MW - Waterbury, CT",,Megan Smethurst,Renewables,Distributed Generation / C&I Solar,COMMERCIALS,BEST_CASE,60,2026-10-01,2026-10-01,,,,2.56,MWDC,,,,,{},61440,61440,36864,53760,61440,69120,NAES_CRM_Opportunities_Import.csv,account name needs review; account inferred from opportunity name
REN-0147,"Wichendon, MA - 5.66MWdc O&M","First Wind O&M, Llc",Megan Smethurst,Renewables,Distributed Generation / C&I Solar,CLOSED_WON,CLOSED,100,2025-06-01,2025-06-01,2025-06-01,,,5.66,MWDC,,,,,{},135840,135840,135840,118860,135840,152820,NAES_CRM_Opportunities_Import.csv,
REN-0148,Wicomico Quantico Solar - MD 2.1 MW,,Megan Smethurst,Renewables,Distributed Generation / C&I Solar,CLOSED_WON,CLOSED,100,2026-01-01,2026-01-01,2026-01-01,,,2.1,MWDC,,,,,{},50400,50400,50400,44100,50400,56700,NAES_CRM_Opportunities_Import.csv,account name needs review; account inferred from opportunity name
REN-0149,"William Penn Hwy #2 - 1.37MW Thompsontown, PA",,Megan Smethurst,Renewables,Distributed Generation / C&I Solar,CLOSED_WON,CLOSED,100,2026-02-01,2026-02-01,2026-02-01,,,1.37,MWDC,,,,,{},32880,32880,32880,28770,32880,36990,NAES_CRM_Opportunities_Import.csv,account name needs review; account inferred from opportunity name
STR-0001,Iron Mountain POC,Iron Mountain,Megan Smethurst,StratoSight,Data Center / Storage,DISCOVERY,PIPELINE,40,2025-06-06,2025-06-06,,,,,,3,,,,{},,,,,,,StratoSight_Opportunities_Import.csv,
STR-0002,Iron Mountain Pilot,Iron Mountain,Megan Smethurst,StratoSight,Data Center / Storage,SOLUTION_FIT,PIPELINE,50,2025-09-01,2025-09-01,,,,,,10,,,,{},378000,378000,189000,302400,378000,504000,StratoSight_Opportunities_Import.csv,
STR-0003,Iron Mountain MSA,Iron Mountain,Megan Smethurst,StratoSight,Data Center / Storage,COMMIT,COMMIT,90,2026-02-01,2026-02-01,,,,,,592,,,,{},660000,660000,594000,528000,660000,1320000,StratoSight_Opportunities_Import.csv,
STR-0004,McLane POC,"McLane Company, Inc.",Megan Smethurst,StratoSight,Distribution / Logistics,DISCOVERY,PIPELINE,40,2025-08-01,2025-08-01,,,,,,1,,,,{},,,,,,,StratoSight_Opportunities_Import.csv,
STR-0005,McLane Pilot,"McLane Company, Inc.",Megan Smethurst,StratoSight,Distribution / Logistics,SOLUTION_FIT,PIPELINE,50,2025-10-01,2025-10-01,,,,,,5,,,,{},315000,315000,157500,252000,315000,420000,StratoSight_Opportunities_Import.csv,
STR-0006,McLane MSA,"McLane Company, Inc.",Megan Smethurst,StratoSight,Distribution / Logistics,COMMIT,COMMIT,90,2026-04-01,2026-04-01,,,,,,80,,,,{},3600000,3600000,3240000,2880000,3600000,7200000,StratoSight_Opportunities_Import.csv,
STR-0007,Target POC,Target,Megan Smethurst,StratoSight,Retail / Distribution,DISCOVERY,PIPELINE,40,2025-08-01,2025-08-01,,,,,,1,,,,{},,,,,,,StratoSight_Opportunities_Import.csv,
STR-0008,Target Pilot,Target,Megan Smethurst,StratoSight,Retail / Distribution,SOLUTION_FIT,PIPELINE,50,2025-12-01,2025-12-01,,,,,,5,,,,{},2100000,2100000,1050000,1680000,2100000,4200000,StratoSight_Opportunities_Import.csv,
STR-0009,Target MSA,Target,Megan Smethurst,StratoSight,Retail / Distribution,COMMIT,COMMIT,90,2026-06-01,2026-06-01,,,,,,80,,,,{},1012500,1012500,911250,810000,1012500,4050000,StratoSight_Opportunities_Import.csv,
STR-0010,Honeywell POC,Honeywell,Megan Smethurst,StratoSight,Industrial / Manufacturing,DISCOVERY,PIPELINE,40,2025-08-15,2025-08-15,,,,,,4,,,,{},,,,,,,StratoSight_Opportunities_Import.csv,
STR-0011,Honeywell Pilot,Honeywell,Megan Smethurst,StratoSight,Industrial / Manufacturing,SOLUTION_FIT,PIPELINE,50,2025-11-15,2025-11-15,,,,,,15,,,,{},1050000,1050000,525000,840000,1050000,2100000,StratoSight_Opportunities_Import.csv,
STR-0012,Honeywell MSA,Honeywell,Megan Smethurst,StratoSight,Industrial / Manufacturing,COMMIT,COMMIT,90,2026-06-01,2026-06-01,,,,,,48,,,,{},1620000,1620000,1458000,1296000,1620000,5400000,StratoSight_Opportunities_Import.csv,
STR-0013,Macy's POC,Macy's,Megan Smethurst,StratoSight,Retail,DISCOVERY,PIPELINE,40,2025-06-06,2025-06-06,,,,,,1,,,,{},,,,,,,StratoSight_Opportunities_Import.csv,
STR-0014,Macy's Pilot,Macy's,Megan Smethurst,StratoSight,Retail,SOLUTION_FIT,PIPELINE,50,2025-10-01,2025-10-01,,,,,,3,,,,{},1890000,1890000,945000,1512000,1890000,2520000,StratoSight_Opportunities_Import.csv,
STR-0015,Macy's MSA,Macy's,Megan Smethurst,StratoSight,Retail,COMMIT,COMMIT,90,2026-05-01,2026-05-01,,,,,,15,,,,{},2160000,2160000,1944000,1728000,2160000,5400000,StratoSight_Opportunities_Import.csv,
STR-0016,Eli Lilly POC,Eli Lilly,Megan Smethurst,StratoSight,Life Sciences / Manufacturing,DISCOVERY,PIPELINE,40,2025-10-01,2025-10-01,,,,,,1,,,,{},,,,,,,StratoSight_Opportunities_Import.csv,
STR-0017,Eli Lilly Pilot,Eli Lilly,Megan Smethurst,StratoSight,Life Sciences / Manufacturing,SOLUTION_FIT,PIPELINE,50,2026-02-01,2026-02-01,,,,,,3,,,,{},806400,806400,403200,645120,806400,2016000,StratoSight_Opportunities_Import.csv,
STR-0018,Eli Lilly MSA,Eli Lilly,Megan Smethurst,StratoSight,Life Sciences / Manufacturing,COMMIT,COMMIT,90,2026-05-01,2026-05-01,,,,,,8,,,,{},1092000,1092000,982800,873600,1092000,5460000,StratoSight_Opportunities_Import.csv,
STR-0019,Ashley Furniture POC,Ashley Furniture,Megan Smethurst,StratoSight,Manufacturing / Distribution,DISCOVERY,PIPELINE,40,2025-11-15,2025-11-15,,,,,,1,,,,{},,,,,,,StratoSight_Opportunities_Import.csv,
STR-0020,Ashley Furniture Pilot,Ashley Furniture,Megan Smethurst,StratoSight,Manufacturing / Distribution,SOLUTION_FIT,PIPELINE,50,2026-02-01,2026-02-01,,,,,,2,,,,{},504000,504000,252000,403200,504000,840000,StratoSight_Opportunities_Import.csv,
STR-0021,Ashley Furniture MSA,Ashley Furniture,Megan Smethurst,StratoSight,Manufacturing / Distribution,COMMIT,COMMIT,90,2026-06-01,2026-06-01,,,,,,5,,,,{},1260000,1260000,1134000,1008000,1260000,4200000,StratoSight_Opportunities_Import.csv,
STR-0022,Allison Transmission POC,Allison Transmission,Megan Smethurst,StratoSight,Manufacturing,DISCOVERY,PIPELINE,40,2026-11-01,2026-11-01,,,,,,1,,,,{},,,,,,,StratoSight_Opportunities_Import.csv,
STR-0023,Allison Transmission MSA,Allison Transmission,Megan Smethurst,StratoSight,Manufacturing,COMMIT,COMMIT,90,2026-04-01,2026-04-01,,,,,,3,,,,{},3780000,3780000,3402000,3024000,3780000,7560000,StratoSight_Opportunities_Import.csv,
STR-0024,Frito-Lay POC,Frito-Lay,Megan Smethurst,StratoSight,Food & Beverage / Manufacturing,DISCOVERY,PIPELINE,40,2026-08-01,2026-08-01,,,,,,1,,,,{},,,,,,,StratoSight_Opportunities_Import.csv,
STR-0025,Frito-Lay Pilot,Frito-Lay,Megan Smethurst,StratoSight,Food & Beverage / Manufacturing,SOLUTION_FIT,PIPELINE,50,2026-02-01,2026-02-01,,,,,,3,,,,{},2016000,2016000,1008000,1612800,2016000,3360000,StratoSight_Opportunities_Import.csv,
STR-0026,Frito-Lay MSA,Frito-Lay,Megan Smethurst,StratoSight,Food & Beverage / Manufacturing,COMMIT,COMMIT,90,2026-05-01,2026-05-01,,,,,,13,,,,{},3600000,3600000,3240000,2880000,3600000,7200000,StratoSight_Opportunities_Import.csv,
STR-0027,Prologis POC,Prologis,Megan Smethurst,StratoSight,Industrial Real Estate / Logistics,DISCOVERY,PIPELINE,40,2026-03-01,2026-03-01,,,,,,1,,,,{},,,,,,,StratoSight_Opportunities_Import.csv,
STR-0028,Prologis Pilot,Prologis,Megan Smethurst,StratoSight,Industrial Real Estate / Logistics,SOLUTION_FIT,PIPELINE,50,2026-06-01,2026-06-01,,,,,,5,,,,{},1680000,1680000,840000,1344000,1680000,4200000,StratoSight_Opportunities_Import.csv,
STR-0029,Prologis MSA,Prologis,Megan Smethurst,StratoSight,Industrial Real Estate / Logistics,COMMIT,COMMIT,90,2026-09-01,2026-09-01,,,,,,250,,,,{},1440000,1440000,1296000,1152000,1440000,7200000,StratoSight_Opportunities_Import.csv,
STR-0030,Walmart POC,Walmart,Megan Smethurst,StratoSight,Retail / Distribution,DISCOVERY,PIPELINE,40,2026-02-01,2026-02-01,,,,,,1,,,,{},,,,,,,StratoSight_Opportunities_Import.csv,
STR-0031,Walmart Pilot,Walmart,Megan Smethurst,StratoSight,Retail / Distribution,SOLUTION_FIT,PIPELINE,50,2026-06-01,2026-06-01,,,,,,5,,,,{},2520000,2520000,1260000,2016000,2520000,5040000,StratoSight_Opportunities_Import.csv,
STR-0032,Walmart MSA,Walmart,Megan Smethurst,StratoSight,Retail / Distribution,COMMIT,COMMIT,90,2026-12-01,2026-12-01,,,,,,200,,,,{},1800000,1800000,1620000,1440000,1800000,7200000,StratoSight_Opportunities_Import.csv,
SITE-0001,Alsoenergy Active Site Portfolio,Alsoenergy,Megan Smethurst,Renewables,Active Site Portfolio,CLOSED_WON,CLOSED,100,,,,,,,,2,,,,{},,,,,,,Active Sites 1.xlsx / sites-import.tsv,date missing; active portfolio row aggregated from site export
SITE-0002,Argo Active Site Portfolio,Argo,Megan Smethurst,Renewables,Active Site Portfolio,CLOSED_WON,CLOSED,100,,,,,,12.986,MWDC,44,,,,{},,,,,,,Active Sites 1.xlsx / sites-import.tsv,date missing; active portfolio row aggregated from site export
SITE-0003,Aspen Active Site Portfolio,Aspen,Megan Smethurst,Renewables,Active Site Portfolio,CLOSED_WON,CLOSED,100,,,,,,3.735,MWDC,5,,,,{},,,,,,,Active Sites 1.xlsx / sites-import.tsv,date missing; active portfolio row aggregated from site export
SITE-0004,BR Group Active Site Portfolio,BR Group,Megan Smethurst,Renewables,Active Site Portfolio,CLOSED_WON,CLOSED,100,,,,,,10.084,MWDC,7,,,,{},,,,,,,Active Sites 1.xlsx / sites-import.tsv,date missing; active portfolio row aggregated from site export
SITE-0005,Brookfield Active Site Portfolio,Brookfield,Megan Smethurst,Renewables,Active Site Portfolio,CLOSED_WON,CLOSED,100,,,,,,265,MWDC,4,,,,{},,,,,,,Active Sites 1.xlsx / sites-import.tsv,date missing; active portfolio row aggregated from site export
SITE-0006,C2 Energy Active Site Portfolio,C2 Energy,Megan Smethurst,Renewables,Active Site Portfolio,CLOSED_WON,CLOSED,100,,,,,,42.682,MWDC,40,,,,{},,,,,,,Active Sites 1.xlsx / sites-import.tsv,date missing; active portfolio row aggregated from site export
SITE-0007,Calibrant Active Site Portfolio,Calibrant,Megan Smethurst,Renewables,Active Site Portfolio,CLOSED_WON,CLOSED,100,,,,,,7.45,MWDC,5,,,,{},,,,,,,Active Sites 1.xlsx / sites-import.tsv,date missing; active portfolio row aggregated from site export
SITE-0008,City OF Tucson Active Site Portfolio,City OF Tucson,Megan Smethurst,Renewables,Active Site Portfolio,CLOSED_WON,CLOSED,100,,,,,,,,20,,,,{},,,,,,,Active Sites 1.xlsx / sites-import.tsv,date missing; active portfolio row aggregated from site export
SITE-0009,Cleancapital Active Site Portfolio,Cleancapital,Megan Smethurst,Renewables,Active Site Portfolio,CLOSED_WON,CLOSED,100,,,,,,2.439,MWDC,14,,,,{},,,,,,,Active Sites 1.xlsx / sites-import.tsv,date missing; active portfolio row aggregated from site export
SITE-0010,Dvusd Active Site Portfolio,Dvusd,Megan Smethurst,Renewables,Active Site Portfolio,CLOSED_WON,CLOSED,100,,,,,,0.115,MWDC,1,,,,{},,,,,,,Active Sites 1.xlsx / sites-import.tsv,date missing; active portfolio row aggregated from site export
SITE-0011,Energea Active Site Portfolio,Energea,Megan Smethurst,Renewables,Active Site Portfolio,CLOSED_WON,CLOSED,100,,,,,,,,2,,,,{},,,,,,,Active Sites 1.xlsx / sites-import.tsv,date missing; active portfolio row aggregated from site export
SITE-0012,Erthos Active Site Portfolio,Erthos,Megan Smethurst,Renewables,Active Site Portfolio,CLOSED_WON,CLOSED,100,,,,,,0.274,MWDC,5,,,,{},,,,,,,Active Sites 1.xlsx / sites-import.tsv,date missing; active portfolio row aggregated from site export
SITE-0013,FedEx Active Site Portfolio,FedEx,Megan Smethurst,Renewables,Active Site Portfolio,CLOSED_WON,CLOSED,100,,,,,,0.269,MWDC,2,,,,{},,,,,,,Active Sites 1.xlsx / sites-import.tsv,date missing; active portfolio row aggregated from site export
SITE-0014,Geico Active Site Portfolio,Geico,Megan Smethurst,Renewables,Active Site Portfolio,CLOSED_WON,CLOSED,100,,,,,,2.452,MWDC,1,,,,{},,,,,,,Active Sites 1.xlsx / sites-import.tsv,date missing; active portfolio row aggregated from site export
SITE-0015,Goldman Sachs Active Site Portfolio,Goldman Sachs,Megan Smethurst,Renewables,Active Site Portfolio,CLOSED_WON,CLOSED,100,,,,,,25.053,MWDC,21,,,,{},,,,,,,Active Sites 1.xlsx / sites-import.tsv,date missing; active portfolio row aggregated from site export
SITE-0016,Greif Packaging Llc Active Site Portfolio,Greif Packaging Llc,Megan Smethurst,Renewables,Active Site Portfolio,CLOSED_WON,CLOSED,100,,,,,,,,1,,,,{},,,,,,,Active Sites 1.xlsx / sites-import.tsv,date missing; active portfolio row aggregated from site export
SITE-0017,Hanwha QCELLS Active Site Portfolio,Hanwha QCELLS,Megan Smethurst,Renewables,Active Site Portfolio,CLOSED_WON,CLOSED,100,,,,,,2.941,MWDC,6,,,,{},,,,,,,Active Sites 1.xlsx / sites-import.tsv,date missing; active portfolio row aggregated from site export
SITE-0018,Harrison ST Active Site Portfolio,Harrison ST,Megan Smethurst,Renewables,Active Site Portfolio,CLOSED_WON,CLOSED,100,,,,,,46.747,MWDC,18,,,,{},,,,,,,Active Sites 1.xlsx / sites-import.tsv,date missing; active portfolio row aggregated from site export
SITE-0019,Infiniti Active Site Portfolio,Infiniti,Megan Smethurst,Renewables,Active Site Portfolio,CLOSED_WON,CLOSED,100,,,,,,4.228,MWDC,15,,,,{},,,,,,,Active Sites 1.xlsx / sites-import.tsv,date missing; active portfolio row aggregated from site export
SITE-0020,LG Energy Active Site Portfolio,LG Energy,Megan Smethurst,Renewables,Active Site Portfolio,CLOSED_WON,CLOSED,100,,,,,,,,3,,,,{},,,,,,,Active Sites 1.xlsx / sites-import.tsv,date missing; active portfolio row aggregated from site export
SITE-0021,Mainspring Active Site Portfolio,Mainspring,Megan Smethurst,Renewables,Active Site Portfolio,CLOSED_WON,CLOSED,100,,,,,,,,8,,,,{},,,,,,,Active Sites 1.xlsx / sites-import.tsv,date missing; active portfolio row aggregated from site export
SITE-0022,Mohave Electric Active Site Portfolio,Mohave Electric,Megan Smethurst,Renewables,Active Site Portfolio,CLOSED_WON,CLOSED,100,,,,,,19.154,MWDC,2,,,,{},,,,,,,Active Sites 1.xlsx / sites-import.tsv,date missing; active portfolio row aggregated from site export
SITE-0023,Nautilus Solar Active Site Portfolio,Nautilus Solar,Megan Smethurst,Renewables,Active Site Portfolio,CLOSED_WON,CLOSED,100,,,,,,,,4,,,,{},,,,,,,Active Sites 1.xlsx / sites-import.tsv,date missing; active portfolio row aggregated from site export
SITE-0024,Onyx Active Site Portfolio,Onyx,Megan Smethurst,Renewables,Active Site Portfolio,CLOSED_WON,CLOSED,100,,,,,,43.429,MWDC,144,,,,{},,,,,,,Active Sites 1.xlsx / sites-import.tsv,date missing; active portfolio row aggregated from site export
SITE-0025,Pathward Active Site Portfolio,Pathward,Megan Smethurst,Renewables,Active Site Portfolio,CLOSED_WON,CLOSED,100,,,,,,0.8,MWDC,8,,,,{},,,,,,,Active Sites 1.xlsx / sites-import.tsv,date missing; active portfolio row aggregated from site export
SITE-0026,Phoenix Solar Active Site Portfolio,Phoenix Solar,Megan Smethurst,Renewables,Active Site Portfolio,CLOSED_WON,CLOSED,100,,,,,,5.88,MWDC,1,,,,{},,,,,,,Active Sites 1.xlsx / sites-import.tsv,date missing; active portfolio row aggregated from site export
SITE-0027,Pvusd Active Site Portfolio,Pvusd,Megan Smethurst,Renewables,Active Site Portfolio,CLOSED_WON,CLOSED,100,,,,,,,,1,,,,{},,,,,,,Active Sites 1.xlsx / sites-import.tsv,date missing; active portfolio row aggregated from site export
SITE-0028,STEM Active Site Portfolio,STEM,Megan Smethurst,Renewables,Active Site Portfolio,CLOSED_WON,CLOSED,100,,,,,,1,MWDC,139,,,,{},,,,,,,Active Sites 1.xlsx / sites-import.tsv,date missing; active portfolio row aggregated from site export
SITE-0029,Scale Microgrid Active Site Portfolio,Scale Microgrid,Megan Smethurst,Renewables,Active Site Portfolio,CLOSED_WON,CLOSED,100,,,,,,2.033,MWDC,23,,,,{},,,,,,,Active Sites 1.xlsx / sites-import.tsv,date missing; active portfolio row aggregated from site export
SITE-0030,Seaboard Active Site Portfolio,Seaboard,Megan Smethurst,Renewables,Active Site Portfolio,CLOSED_WON,CLOSED,100,,,,,,,,2,,,,{},,,,,,,Active Sites 1.xlsx / sites-import.tsv,date missing; active portfolio row aggregated from site export
SITE-0031,Sgk Energy Active Site Portfolio,Sgk Energy,Megan Smethurst,Renewables,Active Site Portfolio,CLOSED_WON,CLOSED,100,,,,,,0.298,MWDC,2,,,,{},,,,,,,Active Sites 1.xlsx / sites-import.tsv,date missing; active portfolio row aggregated from site export
SITE-0032,Siemens Active Site Portfolio,Siemens,Megan Smethurst,Renewables,Active Site Portfolio,CLOSED_WON,CLOSED,100,,,,,,7.902,MWDC,26,,,,{},,,,,,,Active Sites 1.xlsx / sites-import.tsv,date missing; active portfolio row aggregated from site export
SITE-0033,Sol Systems Active Site Portfolio,Sol Systems,Megan Smethurst,Renewables,Active Site Portfolio,CLOSED_WON,CLOSED,100,,,,,,,,1,,,,{},,,,,,,Active Sites 1.xlsx / sites-import.tsv,date missing; active portfolio row aggregated from site export
SITE-0034,Ssvec Active Site Portfolio,Ssvec,Megan Smethurst,Renewables,Active Site Portfolio,CLOSED_WON,CLOSED,100,,,,,,,,1,,,,{},,,,,,,Active Sites 1.xlsx / sites-import.tsv,date missing; active portfolio row aggregated from site export
SITE-0035,Sumter Active Site Portfolio,Sumter,Megan Smethurst,Renewables,Active Site Portfolio,CLOSED_WON,CLOSED,100,,,,,,,,1,,,,{},,,,,,,Active Sites 1.xlsx / sites-import.tsv,date missing; active portfolio row aggregated from site export
SITE-0036,Sunraise Active Site Portfolio,Sunraise,Megan Smethurst,Renewables,Active Site Portfolio,CLOSED_WON,CLOSED,100,,,,,,,,2,,,,{},,,,,,,Active Sites 1.xlsx / sites-import.tsv,date missing; active portfolio row aggregated from site export
SITE-0037,Town of Gila Bend Active Site Portfolio,Town of Gila Bend,Megan Smethurst,Renewables,Active Site Portfolio,CLOSED_WON,CLOSED,100,,,,,,,,1,,,,{},,,,,,,Active Sites 1.xlsx / sites-import.tsv,date missing; active portfolio row aggregated from site export
SITE-0038,Valta Active Site Portfolio,Valta,Megan Smethurst,Renewables,Active Site Portfolio,CLOSED_WON,CLOSED,100,,,,,,7.705,MWDC,16,,,,{},,,,,,,Active Sites 1.xlsx / sites-import.tsv,date missing; active portfolio row aggregated from site export
SITE-0039,Wfec - Western Farmers Electric Cooperative Active Site Portfolio,Wfec - Western Farmers Electric Cooperative,Megan Smethurst,Renewables,Active Site Portfolio,CLOSED_WON,CLOSED,100,,,,,,0.25,MWDC,1,,,,{},,,,,,,Active Sites 1.xlsx / sites-import.tsv,date missing; active portfolio row aggregated from site export
